Category,ImagePath,LaunchString,Signer,Notes,LastModified
^Boot Execute,\\windows\\system32\\autochk\.exe$,.,^\(Verified\) Microsoft Windows,All autochk,2026-09-12
^Codecs,.,.,^\(Verified\),All signed verified Codecs,2026-09-12
^Codecs,\\Program Files.*\\(FFModules|K-Lite Codec Pack|Pelco),.,Gabest|MPC-HC Team|VSFilter Team|Integral Technologies|CKCI,Codecs in Program Files,2026-09-12
^Drivers,\\windows\\system32\\,\\windows\\system32\\|^[^\\]+\.dll$,^\(Verified\),All verified drivers in System32,2026-09-12
^Drivers,\\Program Files( \(x86\))?\\,\\Program Files( \(x86\))?\\,^\(Verified\),All verified drivers in Program Files,2026-09-12
^Drivers$,^c:\\programdata\\microsoft\\windows defender\\definition updates\\\{[0-9a-f]{8}(?:-[0-9a-f]{4}){3}-[0-9a-f]{12}\}\\mpksldrv\.sys$,^c:\\programdata\\microsoft\\windows defender\\definition updates\\\{[0-9a-f]{8}(?:-[0-9a-f]{4}){3}-[0-9a-f]{12}\}\\mpksldrv\.sys$,Microsoft,"Filters MpKslDrv.sys driver entries under the Windows Defender Definition Updates directory with a GUID subdirectory and no launch arguments. Signer must contain Microsoft, case-insensitively; signature verification is not required. ImagePath and LaunchString are matched independently; matching GUIDs are not required.",2026-09-21
^Explorer,^c:\\windows\\(system32|syswow64)\\[^\\]+\.dll$,"^""?c:\\windows\\(system32|syswow64)\\[^\\]+\.dll""?$",^\(Verified\) Microsoft,"Filters out Explorer DLL entries directly under System32 or SysWOW64 with a verified Microsoft signer. DLL names are unrestricted; LaunchString must contain only the DLL path, optionally quoted. ImagePath and LaunchString are matched independently.",2026-09-12
^Explorer,^c:\\program files( \(x86\))?\\windows defender\\shellext\.dll$,^c:\\program files( \(x86\))?\\windows defender\\shellext\.dll$,^\(Verified\) Microsoft,Windows Defender scan shell extension,2026-09-12
^Explorer,^c:\\program files( \(x86\))?\\microsoft onedrive\\[0-9]+(\.[0-9]+){3}\\filesyncshell64\.dll$,^c:\\program files( \(x86\))?\\microsoft onedrive\\[0-9]+(\.[0-9]+){3}\\filesyncshell64\.dll$,^\(Verified\) Microsoft,OneDrive shell extension - numeric versions,2026-09-12
^Explorer,^c:\\program files( \(x86\))?\\microsoft office\\root\\.+\\(msosb|msoxmlmf)\.dll$,"^""?c:\\program files( \(x86\))?\\microsoft office\\root\\.+\\(msosb|msoxmlmf)\.dll""?$",^\(Verified\) Microsoft,Filters Microsoft-verified Office Explorer shell extensions msosb and msoxmlmf beneath Microsoft Office root in Program Files or Program Files (x86). Subdirectory names are unrestricted. LaunchString contains only an optionally quoted DLL path; arguments are excluded. ImagePath and LaunchString are matched independently against the named DLL list.,2026-09-12
^Explorer,^c:\\program files( \(x86\))?\\(common files\\)?adobe\\.+\\(contextmenushim64|pdfshell64|coresync_x64)\.dll$,"^""?c:\\program files( \(x86\))?\\(common files\\)?adobe\\.+\\(contextmenushim64|pdfshell64|coresync_x64)\.dll""?$",^\(Verified\) Adobe,"Filters Adobe-verified Explorer shell extensions contextmenushim64, pdfshell64 and coresync_x64 beneath Adobe or Common Files Adobe directories in Program Files or Program Files (x86). Subdirectory names are unrestricted. LaunchString contains only an optionally quoted DLL path; arguments are excluded. ImagePath and LaunchString are matched independently against the named DLL list.",2026-09-12
^Explorer,^c:\\program files( \(x86\))?\\common files\\autodesk shared\\acshellex\\acshellextension\.dll$,^c:\\program files( \(x86\))?\\common files\\autodesk shared\\acshellex\\acshellextension\.dll$,"^\(Verified\) Autodesk, Inc\.?$",Autodesk shell extension,2026-09-12
^Explorer,^c:\\windows\\system32\\driverstore\\filerepository\\igdlh64\.inf_amd64_[a-f0-9]{16}\\igfxdtcm\.dll$,^c:\\windows\\system32\\driverstore\\filerepository\\igdlh64\.inf_amd64_[a-f0-9]{16}\\igfxdtcm\.dll$,^\(Verified\) Microsoft Windows Hardware Compatibility Publisher$,Intel graphics context menu - driver package hashes,2026-09-12
^Explorer,^c:\\windows\\system32\\driverstore\\filerepository\\(nv_dispig|nvlt)\.inf_amd64_[a-f0-9]{16}\\nvshext\.dll$,^c:\\windows\\system32\\driverstore\\filerepository\\(nv_dispig|nvlt)\.inf_amd64_[a-f0-9]{16}\\nvshext\.dll$,^\(Verified\) NVIDIA Corporation$,NVIDIA shell extension - driver package hashes,2026-09-12
^Explorer,^c:\\program files( \(x86\))?\\nvidia corporation\\nview\\nvshell\.dll$,^c:\\program files( \(x86\))?\\nvidia corporation\\nview\\nvshell\.dll$,^\(Verified\) NVIDIA Corporation$,NVIDIA nView shell integration,2026-09-12
^Explorer,^c:\\program files( \(x86\))?\\notepad\+\+\\(nppshell_\d{2}|contextmenu\\nppshell)\.dll$,^c:\\program files( \(x86\))?\\notepad\+\+\\(nppshell_\d{2}|contextmenu\\nppshell)\.dll$,^\(Verified\) Notepad\+\+$,Notepad++ context menu - legacy suffix and current layout,2026-09-12
^Explorer,^c:\\program files( \(x86\))?\\nextcloud\\(nccontextmenu|ncoverlays)\.dll$,^c:\\program files( \(x86\))?\\nextcloud\\(nccontextmenu|ncoverlays)\.dll$,^\(Verified\) Nextcloud GmbH$,Nextcloud context menu and overlay extensions,2026-09-12
^Explorer,^c:\\program files( \(x86\))?\\(common files\\tortoiseoverlays\\tortoiseoverlays|tortoisesvn\\bin\\tortoisestub)\.dll$,^c:\\program files( \(x86\))?\\(common files\\tortoiseoverlays\\tortoiseoverlays|tortoisesvn\\bin\\tortoisestub)\.dll$,"^\(Verified\) Open Source Developer, Stefan Kueng$","Filters Tortoise Explorer extensions: TortoiseOverlays and TortoiseSVN at their defined installation paths; requires the exact verified Open Source Developer, Stefan Kueng signer. LaunchString is an unquoted DLL path without arguments. ImagePath and LaunchString are matched independently.",2026-09-12
^Explorer,^c:\\program files( \(x86\))?\\tortoisegit\\bin\\tortoisegitstub\.dll$,^c:\\program files( \(x86\))?\\tortoisegit\\bin\\tortoisegitstub\.dll$,"^\(Verified\) Open Source Developer, Sven Strickroth$",TortoiseGit shell integration,2026-09-12
^Explorer,^c:\\program files( \(x86\))?\\7-zip\\7-zip\.dll$,"^""?c:\\program files( \(x86\))?\\7-zip\\7-zip\.dll""?$",igor pavlov,"Filters out Explorer entries for the Program Files 7-Zip shell-extension DLL. LaunchString must contain only the DLL path, optionally quoted. Signer must contain Igor Pavlov; verified status is not required.",2026-09-12
^Internet Explorer$,^c:\\program files( \(x86\))?\\microsoft\\edge\\application\\[0-9]+(\.[0-9]+){3}\\bho\\ie_to_edge_bho(_64)?\.dll$,^c:\\program files( \(x86\))?\\microsoft\\edge\\application\\[0-9]+(\.[0-9]+){3}\\bho\\ie_to_edge_bho(_64)?\.dll$,^\(Verified\) Microsoft,Microsoft IE to Edge browser helper - numeric Edge versions,2026-09-12
^Internet Explorer$,^c:\\program files( \(x86\))?\\microsoft office\\root\\(vfs\\programfilesx(86|64)\\microsoft office\\)?office\d{2}\\ochelper\.dll$,^c:\\program files( \(x86\))?\\microsoft office\\root\\(vfs\\programfilesx(86|64)\\microsoft office\\)?office\d{2}\\ochelper\.dll$,^\(Verified\) Microsoft,Microsoft Office browser helper - two digit Office versions,2026-09-12
^Internet Explorer$,^c:\\program files( \(x86\))?\\common files\\adobe\\acrobat\\wcieactivex\\dc\\(x64\\)?acroiefavstub\.dll$,^c:\\program files( \(x86\))?\\common files\\adobe\\acrobat\\wcieactivex\\dc\\(x64\\)?acroiefavstub\.dll$,"^\(Verified\) Adobe (Inc\.|Systems,? Incorporated)$",Adobe Acrobat IE integration - 32 and 64 bit,2026-09-12
^Internet Explorer$,^c:\\program files( \(x86\))?\\java\\jre-?[0-9]+(\.[0-9]+)+(_[0-9]+)?\\bin\\(jp2ssv|ssv)\.dll$,^c:\\program files( \(x86\))?\\java\\jre-?[0-9]+(\.[0-9]+)+(_[0-9]+)?\\bin\\(jp2ssv|ssv)\.dll$,"^\(Verified\) Oracle America, Inc\.$",Oracle Java browser helpers - numeric JRE versions,2026-09-12
^Known DLLs$,\\windows\\(system32|syswow64)\\,.,^\(Verified\) Microsoft,Microsoft verified from trusted paths,2026-09-12
^Logon,^c:\\windows\\system32\\[^\\]+\.exe$,"^""?c:\\windows\\system32\\[^\\]+\.exe""?$",^\(Verified\) Microsoft,Filters Microsoft-verified Logon entries whose ImagePath and LaunchString each identify an EXE directly in C:\Windows\System32. Filenames are unrestricted; subdirectories and launch arguments are excluded. LaunchString permits optional quotes.,2026-09-12
^Logon,^c:\\windows\\system32\\ie4uinit\.exe$,"^""?c:\\windows\\system32\\ie4uinit\.exe""? -(userconfig|disablessl3|enabletls)$",^\(Verified\) Microsoft,Windows IE user configuration - named modes,2026-09-12
^Logon,^c:\\windows\\(system32|syswow64)\\unregmp2\.exe$,"^""?c:\\windows\\(system32|syswow64)\\unregmp2\.exe""? /(firstlogon|showwmp)$",^\(Verified\) Microsoft,Windows Media Player first logon initialization,2026-09-12
^Logon,^c:\\program files( \(x86\))?\\microsoft\\(edge|edgewebview)\\application\\[0-9]+(\.[0-9]+){3}\\installer\\setup\.exe$,"^""?c:\\program files( \(x86\))?\\microsoft\\(edge|edgewebview)\\application\\[0-9]+(\.[0-9]+){3}\\installer\\setup\.exe",^\(Verified\) Microsoft,"Filters Microsoft-verified Edge and EdgeWebView installer Logon entries in Program Files or Program Files (x86), under Microsoft Edge or EdgeWebView Application with a four-part numeric version and Installer setup.exe. LaunchString starts with an optionally quoted installer path; arguments are unrestricted. ImagePath and LaunchString are matched independently.",2026-09-12
^Logon,^c:\\program files( \(x86\))?\\google\\chrome\\application\\[0-9]+(\.[0-9]+){3}\\installer\\chrmstp\.exe$,"^""?c:\\program files( \(x86\))?\\google\\chrome\\application\\[0-9]+(\.[0-9]+){3}\\installer\\chrmstp\.exe""? --configure-user-settings --verbose-logging --system-level( --channel=stable)?$",^\(Verified\) Google LLC$,Chrome per-user configuration - numeric versions,2026-09-12
^Logon,^c:\\program files( \(x86\))?\\(common files\\)?adobe\\.+\\(acrotray|agcinvokerutility|updaterstartuputility|ccxprocess|creative cloud)\.exe$,"^""?c:\\program files( \(x86\))?\\(common files\\)?adobe\\.+\\(acrotray|agcinvokerutility|updaterstartuputility|ccxprocess|creative cloud)\.exe",^\(Verified\) Adobe,"Filters out Adobe logon entries under Program Files Adobe or Common Files Adobe. Executable names are limited to acrotray, agcinvokerutility, updaterstartuputility, ccxprocess and creative cloud. Subdirectories and launch arguments are unrestricted. Signer must start with (Verified) Adobe; publisher suffixes are unrestricted. ImagePath and LaunchString are matched independently.",2026-09-12
^Logon,^c:\\program files( \(x86\))?\\itunes\\ituneshelper\.exe$,"^""?c:\\program files( \(x86\))?\\itunes\\ituneshelper\.exe""?$",^\(Verified\) Apple Inc\.$,Apple iTunes startup helper,2026-09-12
^Logon,^c:\\program files( \(x86\))?\\autodesk\\.+\\(adskaccesscore|adskaccessservice|genuineservice)\.exe$,"^""?c:\\program files( \(x86\))?\\autodesk\\.+\\(adskaccesscore|adskaccessservice|genuineservice)\.exe",^\(Verified\) Autodesk,"Filters out Autodesk logon entries under Program Files Autodesk. Executable names are limited to adskaccesscore, adskaccessservice and genuineservice. Subdirectories and launch arguments are unrestricted. Signer must start with (Verified) Autodesk; publisher suffixes are unrestricted. ImagePath and LaunchString are matched independently.",2026-09-12
^Logon,^c:\\windows\\system32\\(driverstore\\filerepository\\realtekservice\.inf_amd64_[a-f0-9]{16}\\)?rtkauduservice64\.exe$,"^""?c:\\windows\\system32\\(driverstore\\filerepository\\realtekservice\.inf_amd64_[a-f0-9]{16}\\)?rtkauduservice64\.exe""? -background$",^\(Verified\) Realtek Semiconductor Corp\.$,Realtek audio background process - driver package hashes,2026-09-12
^Logon,^c:\\program files( \(x86\))?\\common files\\java\\java update\\jusched\.exe$,"^""?c:\\program files( \(x86\))?\\common files\\java\\java update\\jusched\.exe""?$","^\(Verified\) Oracle America, Inc\.$",Oracle Java update scheduler,2026-09-12
^Logon,^c:\\program files( \(x86\))?\\greenshot\\greenshot\.exe$,"^""?c:\\program files( \(x86\))?\\greenshot\\greenshot\.exe""?$",^\(Verified\) Thomas Braun$,Greenshot direct executable startup,2026-09-12
^Logon,^c:\\program files( \(x86\))?\\trend micro\\deep security agent\\notifier\.exe$,"^""?c:\\program files( \(x86\))?\\trend micro\\deep security agent\\notifier\.exe""?$","^\(Verified\) Trend Micro, Inc\.$",Trend Micro Deep Security notification UI,2026-09-12
^Logon,^c:\\program files( \(x86\))?\\3dconnexion\\3dxware\\3dxwincore\\3dxservice\.exe$,"^""?c:\\program files( \(x86\))?\\3dconnexion\\3dxware\\3dxwincore\\3dxservice\.exe""? -quiet$",^\(Verified\) 3Dconnexion (S\.A\.M\.|SAM)$,3Dconnexion peripheral background startup,2026-09-12
^Logon,^c:\\program files( \(x86\))?\\displaylink core software\\displaylinktrayapp\.exe$,"^""?c:\\program files( \(x86\))?\\displaylink core software\\displaylinktrayapp\.exe""? -basicmode$",^\(Verified\) DisplayLink \(UK\) Limited$,DisplayLink tray application,2026-09-12
^Logon$,^c:\\program files\\microsoft security client\\msseces\.exe$, -hide -runkey$,^\(Verified\) Microsoft Corporation$,Filters Microsoft Security Client UI Logon entries at the fixed msseces.exe path with the exact verified Microsoft Corporation signer. LaunchString must end with -hide -runkey; the preceding command is unrestricted and is not compared with ImagePath.,2026-09-22
^Logon$,"^c:\\program files\\windows defender\\{1,2}msascui\.exe$", -hide -runkey$,^\(Verified\) Microsoft Windows$,Filters Windows Defender UI Logon entries at the fixed msascui.exe path with one or two backslashes before the filename and the exact verified Microsoft Windows signer. LaunchString must end with -hide -runkey; the preceding command is unrestricted and is not compared with ImagePath.,2026-09-22
Office,\\windows\\(system32|syswow64)\\|\\Program Files( \(x86\))?\\,.,^\(Verified\),All verified from trusted paths,2026-09-12
^Print Monitors,^c:\\windows\\system32\\.+\.dll$,^(c:\\windows\\system32\\.+|[^\\]+)\.dll$,^\(Verified\) (Microsoft|HP|Hewlett-Packard|Adobe|Zebra|Tracker Software|Bluebeam|PDF Tools),"Filters out Print Monitor DLL entries under System32, including subdirectories, with a verified signer beginning Microsoft, HP, Hewlett-Packard, Adobe, Zebra, Tracker Software, Bluebeam or PDF Tools. DLL names and publisher suffixes are unrestricted. LaunchString must be a full System32 DLL path or a bare DLL filename without arguments. ImagePath and LaunchString are matched independently.",2026-09-12
Providers,\\windows\\system32\\|\\Program Files( \(x86\))?\\,.,^\(Verified\),All verified providers from trusted paths,2026-09-12
^Scheduled Tasks,^c:\\windows\\system32\\cleanmgr\.exe$,^c:\\windows\\system32\\cleanmgr\.exe /autoclean(storagesense)? /d %systemdrive%$,^\(Verified\) Microsoft,Windows scheduled disk cleanup,2026-09-12
^Scheduled Tasks,^c:\\windows\\system32\\defrag\.exe$,^c:\\windows\\system32\\defrag\.exe -c -h (-k -g|-o) -\$$,^\(Verified\) Microsoft,Windows scheduled volume optimization,2026-09-12
^Scheduled Tasks,^c:\\windows\\system32\\devicecensus\.exe$,^c:\\windows\\system32\\devicecensus\.exe( (systemcxt|usercxt))?$,^\(Verified\) Microsoft,Windows device census,2026-09-12
^Scheduled Tasks,^c:\\windows\\system32\\wermgr\.exe$,^c:\\windows\\system32\\wermgr\.exe -(queuereporting|upload)$,^\(Verified\) Microsoft,Windows queued error reporting,2026-09-12
^Scheduled Tasks,^c:\\windows\\system32\\disksnapshot\.exe$,^c:\\windows\\system32\\disksnapshot\.exe -z$,^\(Verified\) Microsoft,Windows disk diagnostics snapshot,2026-09-12
^Scheduled Tasks,^c:\\windows\\system32\\spaceman\.exe$,^c:\\windows\\system32\\spaceman\.exe /work$,^\(Verified\) Microsoft,Windows storage space maintenance,2026-09-12
^Scheduled Tasks,^c:\\windows\\system32\\[^\\]+\.exe$,"^""?c:\\windows\\system32\\[^\\]+\.exe""?$",^\(Verified\) Microsoft,Filters Microsoft-verified Scheduled Tasks whose ImagePath and LaunchString each identify a EXE directly in C:\Windows\System32. Filenames are unrestricted; subdirectories and launch arguments are excluded. LaunchString permits optional quotes.,2026-09-12
^Scheduled Tasks,^c:\\windows\\system32\\[^\\]+\.dll$,"^""?c:\\windows\\system32\\[^\\]+\.dll""?$",^\(Verified\) Microsoft,Filters Microsoft-verified Scheduled Tasks whose ImagePath and LaunchString each identify a DLL directly in C:\Windows\System32. Filenames are unrestricted; subdirectories and launch arguments are excluded. LaunchString permits optional quotes.,2026-09-12
^Scheduled Tasks,^c:\\windows\\system32\\reagenttask\.dll$,^c:\\windows\\system32\\reagenttask\.dll verifywinre$,^\(Verified\) Microsoft,Windows recovery environment verification,2026-09-12
^Scheduled Tasks,^c:\\windows\\system32\\timesynctask\.dll$,^c:\\windows\\system32\\timesynctask\.dll timesynctask$,^\(Verified\) Microsoft,Windows scheduled time synchronization,2026-09-12
^Scheduled Tasks,^c:\\windows\\system32\\woftasks\.dll$,^c:\\windows\\system32\\woftasks\.dll wimhash(management|validation)$,^\(Verified\) Microsoft,Windows overlay filesystem WIM hash maintenance,2026-09-12
^Scheduled Tasks,^c:\\windows\\system32\\msfeedssync\.exe$,^c:\\windows\\system32\\msfeedssync\.exe sync$,^\(Verified\) Microsoft,Windows feed synchronization,2026-09-12
^Scheduled Tasks,^c:\\windows\\system32\\speech_onecore\\common\\speechmodeldownload\.exe$,^c:\\windows\\system32\\speech_onecore\\common\\speechmodeldownload\.exe$,^\(Verified\) Microsoft,Windows speech model download,2026-09-12
^Scheduled Tasks,^c:\\windows\\system32\\xblgamesavetask\.exe$,^c:\\windows\\system32\\xblgamesavetask\.exe (logon|standby)$,^\(Verified\) Microsoft,Xbox game save scheduled synchronization,2026-09-12
^Scheduled Tasks,^c:\\windows\\system32\\usoclient\.exe$,^c:\\windows\\system32\\usoclient\.exe (refreshsettings|reportpolicies|startscan|startdownload|startinstall|startoobeappsscan|startoobeappsscanafterupdate)$,^\(Verified\) Microsoft,Windows Update explicit scan and update operations,2026-09-12
^Scheduled Tasks,^c:\\windows\\system32\\musnotification\.exe$,^c:\\windows\\system32\\musnotification\.exe( (display|logondisplay|logonrebootdialog|logonupdateresults|readytoreboot|rebootdialog)( /runon(ac|battery))?)?$,^\(Verified\) Microsoft,Windows Update notification and reboot dialogs,2026-09-12
^Scheduled Tasks,^c:\\program files( \(x86\))?\\microsoft\\edgeupdate\\microsoftedgeupdate\.exe$,^c:\\program files( \(x86\))?\\microsoft\\edgeupdate\\microsoftedgeupdate\.exe (/c|/ua /installsource scheduler)$,^\(Verified\) Microsoft,Microsoft Edge scheduled update,2026-09-12
^Scheduled Tasks,^c:\\program files( \(x86\))?\\microsoft onedrive\\([0-9]+(\.[0-9]+)+\\onedrivelauncher|onedrivestandaloneupdater)\.exe$,"^""?c:\\program files( \(x86\))?\\microsoft onedrive\\([0-9]+(\.[0-9]+)+\\onedrivelauncher|onedrivestandaloneupdater)\.exe",^\(Verified\) Microsoft,Filters Microsoft-verified OneDrive scheduled tasks in Program Files or Program Files (x86): OneDriveLauncher beneath a dotted numeric version directory or OneDriveStandaloneUpdater at the Microsoft OneDrive root. LaunchString starts with an optionally quoted executable path; arguments are unrestricted. ImagePath and LaunchString are matched independently.,2026-09-12
^Scheduled Tasks,^c:\\program files( \(x86\))?\\microsoft office\\root\\.+\\(sdxhelper|actionsserver|olicenseheartbeat|opushutil|operfmon)\.exe$,"^""?c:\\program files( \(x86\))?\\microsoft office\\root\\.+\\(sdxhelper|actionsserver|olicenseheartbeat|opushutil|operfmon)\.exe",^\(Verified\) Microsoft,"Filters Microsoft-verified Office scheduled task helpers sdxhelper, actionsserver, olicenseheartbeat, opushutil and operfmon beneath the Microsoft Office root directory in Program Files or Program Files (x86). LaunchString starts with an optionally quoted helper path; arguments are unrestricted. ImagePath and LaunchString are matched independently.",2026-09-12
^Scheduled Tasks,^c:\\program files( \(x86\))?\\common files\\microsoft shared\\clicktorun\\(officec2rclient|officesvcmgr)\.exe$,"^""?c:\\program files( \(x86\))?\\common files\\microsoft shared\\clicktorun\\(officec2rclient|officesvcmgr)\.exe",^\(Verified\) Microsoft,Filters Microsoft-verified Office Click-to-Run scheduled tasks for officec2rclient and officesvcmgr in the Common Files Microsoft Shared ClickToRun directory under Program Files or Program Files (x86). LaunchString starts with an optionally quoted executable path; arguments are unrestricted. ImagePath and LaunchString are matched independently.,2026-09-12
^Scheduled Tasks,^c:\\(programdata\\microsoft\\windows defender\\platform\\[0-9]+(\.[0-9]+)+-[0-9]+|program files\\(windows defender|microsoft security client))\\mpcmdrun\.exe$,^c:\\(programdata\\microsoft\\windows defender\\platform\\[0-9]+(\.[0-9]+)+-[0-9]+|program files\\(windows defender|microsoft security client))\\mpcmdrun\.exe,^\(Verified\) Microsoft,Filters out Defender or Microsoft Security Client scheduled tasks using MpCmdRun.exe from the named Program Files directories or a numeric Defender platform directory under ProgramData. Requires a verified Microsoft signer. LaunchString matches the executable prefix with any suffix; no scan type or switches are required.,2026-09-21
^Scheduled Tasks,^c:\\program files( \(x86\))?\\google\\(googleupdater\\[0-9]+(\.[0-9]+)+\\updater|update\\googleupdate)\.exe$,"^""?c:\\program files( \(x86\))?\\google\\(googleupdater\\[0-9]+(\.[0-9]+)+\\updater|update\\googleupdate)\.exe",^\(Verified\) Google,"Filters Google-verified scheduled updater tasks beneath the Google directory in Program Files or Program Files (x86): GoogleUpdater with a dotted numeric version directory and updater.exe, or Update with GoogleUpdate.exe. LaunchString starts with an optionally quoted updater path; arguments are unrestricted. ImagePath and LaunchString are matched independently.",2026-09-12
^Scheduled Tasks,^c:\\program files( \(x86\))?\\common files\\adobe\\(arm\\[0-9]+(\.[0-9]+)+\\adobearm|adobegcclient\\agcinvokerutility)\.exe$,"^""?c:\\program files( \(x86\))?\\common files\\adobe\\(arm\\[0-9]+(\.[0-9]+)+\\adobearm|adobegcclient\\agcinvokerutility)\.exe",^\(Verified\) Adobe,"Filters Adobe-verified scheduled tasks for AdobeARM in a dotted numeric version directory beneath Common Files Adobe ARM, or AGCInvokerUtility beneath Common Files Adobe AdobeGCClient, under Program Files or Program Files (x86). LaunchString starts with an optionally quoted executable path; arguments are unrestricted. ImagePath and LaunchString are matched independently.",2026-09-12
^Scheduled Tasks,^c:\\windows\\system32\\driverstore\\filerepository\\realtekservice\.inf_amd64_[0-9a-f]{16}\\rtkauduservice64\.exe$,^c:\\windows\\system32\\driverstore\\filerepository\\realtekservice\.inf_amd64_[0-9a-f]{16}\\rtkauduservice64\.exe -background$,^\(Verified\) Realtek Semiconductor Corp\.$,Realtek audio background task; driver package hash varies,2026-09-12
^Scheduled Tasks,^c:\\windows\\(system32|syswow64)\\lenovo\\powermgr\\powermgr\.exe$,^c:\\windows\\(system32|syswow64)\\lenovo\\powermgr\\powermgr\.exe$,^\(Verified\) Lenovo$,Lenovo power manager scheduled task,2026-09-12
^Scheduled Tasks,^c:\\windows\\system32\\discan\.dll$,"^""?c:\\windows\\system32\\discan\.dll""?( -(crashrecovery|manual))?$",^\(Verified\) Microsoft,Windows disk diagnostics - observed task modes,2026-09-12
^Scheduled Tasks,^c:\\windows\\system32\\memorydiagnostic\.dll$,"^""?c:\\windows\\system32\\memorydiagnostic\.dll""?( (event|time))?$",^\(Verified\) Microsoft,Filters Microsoft-verified System32 MemoryDiagnostic.dll scheduled tasks with no argument or the exact event or time argument.,2026-09-22
^Scheduled Tasks,^c:\\windows\\system32\\workfoldersshell\.dll$,"^""?c:\\windows\\system32\\workfoldersshell\.dll""?( logon)?$",^\(Verified\) Microsoft,Windows Work Folders synchronization tasks,2026-09-12
^Scheduled Tasks,^c:\\windows\\system32\\inputcloudstore\.dll$,"^(?:""?c:\\windows\\system32\\inputcloudstore\.dll""? (mouse|pen|touchpad)syncdataavailable|""?c:\\windows\\system32\\inputcloudstore\.dll""? remote(mouse|pen|touchpad)syncdataavailable|""?c:\\windows\\system32\\inputcloudstore\.dll""? (inputsettingsrestore|localusersync)dataavailable)$",^\(Verified\) Microsoft,Consolidated: Windows input settings synchronization; Windows remote input settings synchronization; Windows input settings restore and user synchronization,2026-09-12
^Scheduled Tasks,^c:\\windows\\system32\\wifitask\.exe$,"^""?c:\\windows\\system32\\wifitask\.exe""?( (nla|wwan))?$",^\(Verified\) Microsoft,Windows wireless task - observed activation modes,2026-09-12
^Scheduled Tasks,^c:\\programdata\\microsoft\\bginfo\\bginfo\.exe$,"^""?c:\\programdata\\microsoft\\bginfo\\bginfo\.exe""? ""c:\\programdata\\microsoft\\bginfo\\config\.bgi"" /log:""c:\\programdata\\microsoft\\bginfo\\bginfo_log\.txt"" /silent /nolicprompt /timer:0$",^\(Verified\) Microsoft,"Filters out Microsoft-signed BGInfo scheduled tasks using the fixed ProgramData executable, config.bgi and bginfo_log.txt paths with /silent /nolicprompt /timer:0. Config-file contents are not checked.",2026-09-12
^Scheduled Tasks,^c:\\windows\\system32\\deviceenroller\.exe$,"^""?c:\\windows\\system32\\deviceenroller\.exe""? .*[0-9a-f]{8}(-[0-9a-f]{4}){3}-[0-9a-f]{12}.*$",^\(Verified\) Microsoft,Filters out scheduled tasks using System32 DeviceEnroller.exe with a verified Microsoft signer and a GUID in the arguments. Arguments before and after the GUID are unrestricted.,2026-09-12
^Scheduled Tasks,^c:\\windows\\system32\\omadmclient\.exe$,"^""?c:\\windows\\system32\\omadmclient\.exe""? /serverid ""[0-9a-f]{8}(-[0-9a-f]{4}){3}-[0-9a-f]{12}"" /lookuptype 1 /initiator (0|1)$",^\(Verified\) Microsoft,"Filters out scheduled tasks using System32 omadmclient.exe with a quoted server GUID, /lookuptype 1 and /initiator 0 or 1. Requires a verified Microsoft signer.",2026-09-12
^Scheduled Tasks$,^c:\\windows\\system32\\cscui\.dll$,"^(?:c:\\windows\\system32\\cscui\.dll|""c:\\windows\\system32\\cscui\.dll"") logon$",^\(Verified\) Microsoft Windows$,"Filters System32 cscui.dll scheduled tasks with the exact logon argument and verified Microsoft Windows signer. LaunchString uses the fixed DLL path, optionally enclosed in paired quotes.",2026-09-22
^Scheduled Tasks$,^c:\\windows\\system32\\shellconfigtask\.dll$,"^(?:c:\\windows\\system32\\shellconfigtask\.dll|""c:\\windows\\system32\\shellconfigtask\.dll"") idle$",^\(Verified\) Microsoft Windows$,"Filters System32 shellconfigtask.dll scheduled tasks with the exact idle argument and verified Microsoft Windows signer. LaunchString uses the fixed DLL path, optionally enclosed in paired quotes.",2026-09-22
^Services,\\windows\\(system32|syswow64)\\.*\.(exe|dll)$,c:\\windows\\(system32|syswow64)\\(svchost\.exe -k|[^\.]+\.exe$),^\(Verified\) Microsoft,Microsoft verified service EXE or DLL in System32|Syswow64,2026-09-12
^Services,"^[a-z]:\\program files( \(x86\))?\\microsoft\\(edge|copilot)\\application\\[0-9]+(\.[0-9]+){1,3}\\elevation_service\.exe$","^""?[a-z]:\\program files( \(x86\))?\\microsoft\\(edge|copilot)\\application\\[0-9]+(\.[0-9]+){1,3}\\elevation_service\.exe""?\s*$",^\(Verified\) Microsoft,Microsoft Edge and Copilot elevation services - numeric versions,2026-09-12
^Services,^[a-z]:\\program files( \(x86\))?\\microsoft\\edgeupdate\\microsoftedgeupdate\.exe$,"^""?[a-z]:\\program files( \(x86\))?\\microsoft\\edgeupdate\\microsoftedgeupdate\.exe""?",^\(Verified\) Microsoft,Filters out Microsoft Edge updater services under Program Files Microsoft EdgeUpdate with a verified Microsoft signer. LaunchString matches the executable prefix; service switches and other arguments are unrestricted.,2026-09-12
^Services,^[a-z]:\\program files( \(x86\))?\\microsoft onedrive\\[0-9]+(?:\.[0-9]+)+(?:_[0-9]+)?\\(filesynchelper|onedriveupdaterservice)\.exe$,"^""?[a-z]:\\program files( \(x86\))?\\microsoft onedrive\\[0-9]+(?:\.[0-9]+)+(?:_[0-9]+)?\\(filesynchelper|onedriveupdaterservice)\.exe""?\s*$",^\(Verified\) Microsoft,"Filters Microsoft-verified OneDrive FileSyncHelper and OneDriveUpdaterService services in Program Files or Program Files (x86), beneath a dotted numeric version directory with an optional underscore followed by digits. LaunchString contains only the executable path, optionally quoted and followed by whitespace. ImagePath and LaunchString are matched independently.",2026-09-22
^Services,"^c:\\programdata\\microsoft\\windows defender\\platform\\[0-9]+(\.[0-9]+){1,3}-[0-9]+\\(mpdefendercoreservice|msmpeng|nissrv)\.exe$","^""?c:\\programdata\\microsoft\\windows defender\\platform\\[0-9]+(\.[0-9]+){1,3}-[0-9]+\\(mpdefendercoreservice|msmpeng|nissrv)\.exe""?\s*$",^\(Verified\) Microsoft,Microsoft Defender platform services - numeric versions,2026-09-12
^Services,^[a-z]:\\program files( \(x86\))?\\(windows defender(\\(mpdefendercoreservice|msmpeng|nissrv)| advanced threat protection\\mssense)|microsoft security client\\(msmpeng|nissrv))\.exe$,"^""?[a-z]:\\program files( \(x86\))?\\(windows defender(\\(mpdefendercoreservice|msmpeng|nissrv)| advanced threat protection\\mssense)|microsoft security client\\(msmpeng|nissrv))\.exe""?\s*$",^\(Verified\) Microsoft,"Filters out Microsoft Defender services in Program Files: mpdefendercoreservice, msmpeng and nissrv under Windows Defender; mssense under Windows Defender Advanced Threat Protection; or msmpeng and nissrv under Microsoft Security Client. Requires a verified Microsoft signer and an argument-free launch path, optionally quoted and followed by whitespace. ImagePath and LaunchString are matched independently.",2026-09-21
^Services,^[a-z]:\\program files( \(x86\))?\\common files\\microsoft shared\\.+\\(officeclicktorun|ose|osppsvc)\.exe$,"^""?[a-z]:\\program files( \(x86\))?\\common files\\microsoft shared\\.+\\(officeclicktorun|ose|osppsvc)\.exe",^\(Verified\) Microsoft,"Filters out Office Click-to-Run, source engine and licensing service executables under Program Files Common Files Microsoft Shared. Requires a verified Microsoft signer. Subdirectory names and launch arguments are unrestricted; executable names are limited to officeclicktorun, ose and osppsvc.",2026-09-12
^Services,^[a-z]:\\program files( \(x86\))?\\microsoft update health tools\\uhssvc\.exe$,"^""?[a-z]:\\program files( \(x86\))?\\microsoft update health tools\\uhssvc\.exe""?\s*$",^\(Verified\) Microsoft,Microsoft update health service,2026-09-12
^Services,^[a-z]:\\program files( \(x86\))?\\microsoft sql server\\.+\\(sqlservr|sqlagent|fdlauncher|sqlceip|sqlbrowser|sqlwriter|msdtssrvr|microsoft\.sqlserver\.integrationservices\.workeragentservicehost|reportingservicesservice)\.exe$,"^""?[a-z]:\\program files( \(x86\))?\\microsoft sql server\\.+\\(sqlservr|sqlagent|fdlauncher|sqlceip|sqlbrowser|sqlwriter|msdtssrvr|microsoft\.sqlserver\.integrationservices\.workeragentservicehost|reportingservicesservice)\.exe",^\(Verified\) Microsoft,"Filters out SQL Server database, Agent, full-text, telemetry, Browser, Writer, Integration Services and Reporting Services executables under the Microsoft SQL Server installation root. Requires a verified Microsoft signer. Version/instance/subdirectory names and launch arguments are unrestricted.",2026-09-12
^Services,^c:\\windows\\microsoft\.net\\framework(64)?\\v[0-9]+(\.[0-9]+)+\\(.*\\)?(smsvchost|aspnet_state|presentationfontcache)\.exe$,"^""?c:\\windows\\microsoft\.net\\framework(64)?\\v[0-9]+(\.[0-9]+)+\\(.*\\)?(smsvchost|aspnet_state|presentationfontcache)\.exe",^\(Verified\) Microsoft,"Filters out .NET service-host, ASP.NET state and WPF font-cache service executables under Windows Microsoft.NET Framework or Framework64 numeric version directories. Requires a verified Microsoft signer. Subdirectories and launch arguments are unrestricted; executable names are limited to smsvchost, aspnet_state and presentationfontcache.",2026-09-12
^Services,^c:\\windows\\system32\\driverstore\\filerepository\\.+\.exe$,"^""?c:\\windows\\system32\\driverstore\\filerepository\\.+\.exe",^\(Verified\) ,"Filters out service entries whose image is an .exe under Windows System32 DriverStore FileRepository and whose launch starts with a DriverStore .exe path. Signer must start with (Verified) followed by a space; no publisher name is required. Vendor, package, binary name and arguments are unrestricted. ImagePath and LaunchString are matched independently.",2026-09-12
^Services,^c:\\windows\\system32\\(elan_detection_service|elanfpservice|elaniapservice|epdservice|etdservice)\.exe$,"^""?c:\\windows\\system32\\(elan_detection_service|elanfpservice|elaniapservice|epdservice|etdservice)\.exe""?\s*$",^\(Verified\) ELAN Microelectronics Corporation$,ELAN touchpad and fingerprint services,2026-09-12
^Services,^[a-z]:\\program files( \(x86\))?\\common files\\adobe\\.+\\(armsvc|agmservice|agsservice)\.exe$,"^""?[a-z]:\\program files( \(x86\))?\\common files\\adobe\\.+\\(armsvc|agmservice|agsservice)\.exe",^\(Verified\) Adobe,"Filters out Adobe update and genuine-software service executables under Program Files Common Files Adobe. Signer must start with (Verified) Adobe; publisher suffixes are unrestricted. Subdirectories and launch arguments are unrestricted; executable names are limited to armsvc, agmservice and agsservice.",2026-09-12
^Services,^[a-z]:\\program files( \(x86\))?\\google\\.+\\(elevation_service|updater|googleupdate)\.exe$,"^""?[a-z]:\\program files( \(x86\))?\\google\\.+\\(elevation_service|updater|googleupdate)\.exe",^\(Verified\) Google,"Filters out Google elevation and updater service executables under Program Files Google. Signer must start with (Verified) Google; publisher suffixes are unrestricted. Subdirectories and launch arguments are unrestricted; executable names are limited to elevation_service, updater and googleupdate.",2026-09-12
^Services,^[a-z]:\\program files( \(x86\))?\\common files\\macrovision shared\\flexnet publisher\\fnplicensingservice(64)?\.exe$,"^""?[a-z]:\\program files( \(x86\))?\\common files\\macrovision shared\\flexnet publisher\\fnplicensingservice(64)?\.exe""?\s*$",^\(Verified\) Flexera Software LLC$,FlexNet licensing services,2026-09-12
^Services,^[a-z]:\\program files( \(x86\))?\\(common files\\autodesk shared\\adsklicensing\\current\\adsklicensingservice\\adsklicensingservice|autodesk\\adodis\\v[0-9]+\\setup\\adskaccessservicehost)\.exe$,"^""?[a-z]:\\program files( \(x86\))?\\(common files\\autodesk shared\\adsklicensing\\current\\adsklicensingservice\\adsklicensingservice|autodesk\\adodis\\v[0-9]+\\setup\\adskaccessservicehost)\.exe""?\s*$","^\(Verified\) Autodesk, Inc\.$","Filters Autodesk licensing and Access services at their defined installation paths, including numeric AdODIS versions; requires the exact verified Autodesk, Inc. signer. LaunchString is an optionally quoted executable path with optional trailing whitespace and no arguments. ImagePath and LaunchString are matched independently.",2026-09-12
^Services,^[a-z]:\\program files( \(x86\))?\\lenovo\\.+\\(suservice|dockmgr\.svc)\.exe$,"^""?[a-z]:\\program files( \(x86\))?\\lenovo\\.+\\(suservice|dockmgr\.svc)\.exe",^\(Verified\) Lenovo$,Filters out Lenovo System Update and Dock Manager service executables under Program Files Lenovo. Requires the exact verified Lenovo signer. Subdirectory names and launch arguments are unrestricted.,2026-09-12
^Services,^[a-z]:\\program files( \(x86\))?\\intel\\driver and support assistant\\x86\\dsa(update)?service\.exe$,"^""?[a-z]:\\program files( \(x86\))?\\intel\\driver and support assistant\\x86\\dsa(update)?service\.exe""?\s*$",^\(Verified\) Intel Corporation$,Intel driver update services,2026-09-12
^Services,^[a-z]:\\program files( \(x86\))?\\(bonjour\\mdnsresponder|common files\\apple\\mobile device support\\applemobiledeviceservice)\.exe$,"^""?[a-z]:\\program files( \(x86\))?\\(bonjour\\mdnsresponder|common files\\apple\\mobile device support\\applemobiledeviceservice)\.exe""?\s*$",^\(Verified\) Apple Inc\.$,Filters Apple Bonjour and Mobile Device Support services at their defined installation paths; requires the exact verified Apple Inc. signer. LaunchString is an optionally quoted executable path with optional trailing whitespace and no arguments. ImagePath and LaunchString are matched independently.,2026-09-12
^Services,^[a-z]:\\program files( \(x86\))?\\mozilla maintenance service\\maintenanceservice\.exe$,"^""?[a-z]:\\program files( \(x86\))?\\mozilla maintenance service\\maintenanceservice\.exe""?\s*$",^\(Verified\) Mozilla Corporation$,Mozilla maintenance service,2026-09-12
^Services,^[a-z]:\\program files( \(x86\))?\\logioptionsplus\\logioptionsplus_updater\.exe$,"^""?[a-z]:\\program files( \(x86\))?\\logioptionsplus\\logioptionsplus_updater\.exe""?\s+--run-as-service\s*$",^\(Verified\) Logitech Inc$,Logitech Options updater - service mode,2026-09-12
^Services,^[a-z]:\\program files( \(x86\))?\\codemeter\\runtime\\bin\\(cmwebadmin|codemeter)\.exe$,"^""?[a-z]:\\program files( \(x86\))?\\codemeter\\runtime\\bin\\(cmwebadmin|codemeter)\.exe""?\s*$",^\(Verified\) Wibu-Systems AG$,Wibu CodeMeter licensing services,2026-09-12
^Services,^[a-z]:\\program files( \(x86\))?\\commvault\\contentstore\\base\\(blrsvc|clmgrs|cvd|cvfwd|cvmountd|vss_hwprov_svc|vss_swprov_svc)\.exe$,"^""?[a-z]:\\program files( \(x86\))?\\commvault\\contentstore\\base\\(blrsvc|clmgrs|cvd|cvfwd|cvmountd|vss_hwprov_svc|vss_swprov_svc)\.exe""?\s+-vm instance[0-9]+\s*$","^\(Verified\) Commvault Systems, Inc\.$",Commvault data and backup services - numeric instance IDs,2026-09-12
^Services,^c:\\windows\\servicing\\trustedinstaller\.exe$,"^""?c:\\windows\\servicing\\trustedinstaller\.exe""?$",^\(Verified\) Microsoft,Windows Modules Installer - fixed service executable,2026-09-12
^Services,^c:\\windows\\system32\\searchindexer\.exe$,"^""?c:\\windows\\system32\\searchindexer\.exe""? /embedding$",^\(Verified\) Microsoft,Windows Search indexer - service COM activation,2026-09-12
^Services,^c:\\windows\\system32\\[^\\]+\.exe$,"^""?c:\\windows\\system32\\[^\\]+\.exe""?$",^\(Verified\) Microsoft,Filters Microsoft-verified Services entries whose ImagePath and LaunchString each identify a EXE directly in C:\Windows\System32. Filenames are unrestricted; subdirectories and launch arguments are excluded. LaunchString permits optional quotes.,2026-09-12
^Services,^c:\\program files( \(x86\))?\\microsoft policy platform\\policyhost\.exe$,"^""?c:\\program files( \(x86\))?\\microsoft policy platform\\policyhost\.exe""? /service$",^\(Verified\) Microsoft,Filters out Microsoft Policy Platform services running policyhost.exe from Program Files with /service and a verified Microsoft signer.,2026-09-12
^Services,^c:\\windows\\ccm\\ccmexec\.exe$,"^""?c:\\windows\\ccm\\ccmexec\.exe""?$",^\(Verified\) Microsoft,Filters out ConfigMgr client services using Windows\CCM\ccmexec.exe with no arguments and a verified Microsoft signer.,2026-09-12
^Services,^c:\\program files( \(x86\))?\\microsoft intune management extension\\microsoft\.management\.services\.intunewindowsagent\.exe$,"^""?c:\\program files( \(x86\))?\\microsoft intune management extension\\microsoft\.management\.services\.intunewindowsagent\.exe""?$",^\(Verified\) Microsoft,Filters out Intune Management Extension services using the installed IntuneWindowsAgent executable with no arguments and a verified Microsoft signer.,2026-09-12
^Services,^c:\\program files( \(x86\))?\\managesoft\\security agent\\mgssecsvc\.exe$,"^""?c:\\program files( \(x86\))?\\managesoft\\security agent\\mgssecsvc\.exe""?$",^\(Verified\) Flexera Software LLC$,Filters out ManageSoft security-agent services using mgssecsvc.exe with no arguments and the exact verified Flexera Software LLC signer.,2026-09-12
^Services,^c:\\program files\\(velociraptor\\velociraptor|iguanodon\\iguano)\.exe$,"^""?c:\\program files\\(velociraptor\\velociraptor|iguanodon\\iguano)\.exe""?\s+--config ""c:\\program files\\(iguanodon|velociraptor)\\/?client\.config\.yaml"" service run\s*$",^\(Verified\) Rapid7 LLC$,"Filters out Velociraptor services using the Program Files Velociraptor or Iguanodon executable paths, client.config.yaml in either installation directory, and service run. Requires the exact verified Rapid7 LLC signer.",2026-09-12
^Services,^c:\\windows\\system32\\dllhost\.exe$,"^""?c:\\windows\\system32\\dllhost\.exe""? /processid:\{02d4b3f1-fd88-11d1-960d-00805fc79235\}$",^\(Verified\) Microsoft,Filters out COM+ System Application services using System32 dllhost.exe with AppID 02d4b3f1-fd88-11d1-960d-00805fc79235 and a verified Microsoft signer. Hosted COM DLLs are not checked.,2026-09-12
^Services$,^c:\\windows\\sysmon64\.exe$,"^(?:c:\\windows\\sysmon64\.exe|""c:\\windows\\sysmon64\.exe"")$",^\(Verified\) Microsoft Corporation$,Filters Sysmon Services entries at C:\Windows\sysmon64.exe with the exact verified Microsoft Corporation signer and no launch arguments. LaunchString may be unquoted or enclosed in paired quotes.,2026-09-21
^Services$,^c:\\program files\\wsl\\wslservice\.exe$,"^(?:c:\\program files\\wsl\\wslservice\.exe|""c:\\program files\\wsl\\wslservice\.exe"")$",^\(Verified\) Microsoft Corporation$,"Filters WSL Services entries at the fixed installed executable path, with the exact verified Microsoft signer and no launch arguments. LaunchString permits paired quotes or no quotes.",2026-09-22
^Services$,^c:\\program files\\windows identity foundation\\v3\.5\\c2wtshost\.exe$,"^(?:c:\\program files\\windows identity foundation\\v3\.5\\c2wtshost\.exe|""c:\\program files\\windows identity foundation\\v3\.5\\c2wtshost\.exe"")$",^\(Verified\) Microsoft Windows$,"Filters Windows Identity Foundation v3.5 Services entries at the fixed installed executable path, with the exact verified Microsoft signer and no launch arguments. LaunchString permits paired quotes or no quotes.",2026-09-22
^Services$,^c:\\program files\\windows media player\\wmpnetwk\.exe$,"^(?:c:\\program files\\windows media player\\wmpnetwk\.exe|""c:\\program files\\windows media player\\wmpnetwk\.exe"")$",^\(Verified\) Microsoft Windows$,"Filters Windows Media Player Network Sharing Services entries at the fixed installed executable path, with the exact verified Microsoft signer and no launch arguments. LaunchString permits paired quotes or no quotes.",2026-09-22
^Services$,^c:\\windows\\adws\\microsoft\.activedirectory\.webservices\.exe$,"^(?:c:\\windows\\adws\\microsoft\.activedirectory\.webservices\.exe|""c:\\windows\\adws\\microsoft\.activedirectory\.webservices\.exe"")$",^\(Verified\) Microsoft Windows$,Filters the named ADWS or ADFS service at its fixed Windows installation path with the exact verified Microsoft Windows signer and no launch arguments. LaunchString permits paired quotes or no quotes.,2026-09-22
^Services$,^c:\\windows\\adfs\\appproxy\.exe$,"^(?:c:\\windows\\adfs\\appproxy\.exe|""c:\\windows\\adfs\\appproxy\.exe"")$",^\(Verified\) Microsoft Windows$,Filters the named ADWS or ADFS service at its fixed Windows installation path with the exact verified Microsoft Windows signer and no launch arguments. LaunchString permits paired quotes or no quotes.,2026-09-22
^Services$,^c:\\windows\\adfs\\microsoft\.identityserver\.proxyservice\.exe$,"^(?:c:\\windows\\adfs\\microsoft\.identityserver\.proxyservice\.exe|""c:\\windows\\adfs\\microsoft\.identityserver\.proxyservice\.exe"")$",^\(Verified\) Microsoft Windows$,Filters the named ADWS or ADFS service at its fixed Windows installation path with the exact verified Microsoft Windows signer and no launch arguments. LaunchString permits paired quotes or no quotes.,2026-09-22
^Services$,^c:\\windows\\adfs\\microsoft\.identityserver\.servicehost\.exe$,"^(?:c:\\windows\\adfs\\microsoft\.identityserver\.servicehost\.exe|""c:\\windows\\adfs\\microsoft\.identityserver\.servicehost\.exe"")$",^\(Verified\) Microsoft Windows$,Filters the named ADWS or ADFS service at its fixed Windows installation path with the exact verified Microsoft Windows signer and no launch arguments. LaunchString permits paired quotes or no quotes.,2026-09-22
^Services$,^c:\\windows\\adfs\\webappproxycontroller\.exe$,"^(?:c:\\windows\\adfs\\webappproxycontroller\.exe|""c:\\windows\\adfs\\webappproxycontroller\.exe"")$",^\(Verified\) Microsoft Windows$,Filters the named ADWS or ADFS service at its fixed Windows installation path with the exact verified Microsoft Windows signer and no launch arguments. LaunchString permits paired quotes or no quotes.,2026-09-22
^winlogon,^[a-z]:\\(windows\\(system32|syswow64)|program files( \(x86\))?)\\.*\.dll$,\.dll$,^\(Verified\) Microsoft,Microsoft verified DLL from trusted location,2026-09-12
^WMI,.,BVTConsumer,.,Well known Event Consumers,2026-09-12
